listingId,sellerSku,title,listPrice,status
ML-200001,SKU-0094,Titan Hydraulic Hose R2 1/2in x 15m | Fast Ship,320.73,active
ML-200002,SKU-0068,Titan Wood Pallet 42x42in | Fast Ship,153.22,active
ML-200003,SKU-0007,Sterling Flange Bolt M12 x 80mm | Fast Ship,133.87,active
ML-200004,SKU-0065,Sterling Hydraulic Hose R2 3/8in x 10m | Fast Ship,240.81,active
ML-200005,SKU-0097,Titan Rocker Switch 30A 2-pole | Fast Ship,72.59,active
ML-200006,SKU-0084,Atlas DIN Contactor 15A | Fast Ship,16.23,active
ML-200007,SKU-0099,Vanguard Suction Hose 3/4in x 12m | Fast Ship,204.31,active
ML-200008,SKU-0043,Meridian Splash Goggles Smoke Tint | Fast Ship,17.1,active
ML-200009,SKU-0026,Titan IEC Power Connector 12-pos | Fast Ship,138.24,active
ML-200010,SKU-0016,Titan Terminal Block 20A | Fast Ship,132.19,active
ML-200011,SKU-0078,Vanguard Flange Bolt M10 x 60mm | Fast Ship,192.43,active
ML-200012,SKU-0010,Meridian Drop-In Anchor 3/8in x 3in | Fast Ship,137.06,active
ML-200013,SKU-0072,Titan Cat6 Ethernet Cable 16 AWG 500ft | Fast Ship,78.81,active
ML-200014,SKU-0098,Atlas Shaft Seal 35x52x7 | Fast Ship,93.31,active
ML-200015,SKU-0035,Sterling Hydraulic Check Valve 3/4in | Fast Ship,252.88,active
ML-200016,SKU-0076,Vanguard SAE Hydraulic Hose 5/8in x 25m | Fast Ship,237.74,active
ML-200017,SKU-0083,Titan Wood Pallet 48x40in | Fast Ship,124.32,active
ML-200018,SKU-0024,Titan Vented Safety Helmet Class G Blue | Fast Ship,26.45,active
ML-200019,SKU-0060,Vanguard Self-Tapping Screw #8 x 1in | Fast Ship,118.16,active
ML-200020,SKU-0046,Atlas Machine Screw M4 x 20mm | Fast Ship,75.39,active
ML-200021,SKU-0074,Sterling Terminal Block 8-pin | Fast Ship,301.31,active
ML-200022,SKU-0013,Vanguard Gasket Set Assorted 200pc | Fast Ship,116.12,active
ML-200023,SKU-0009,Titan Coaxial Cable 16 AWG 500ft | Fast Ship,152.86,active
ML-200024,SKU-0005,Sterling Cut-Resistant Gloves Box 100 (M | Fast Ship,27.36,active
ML-200025,SKU-0080,Atlas Stretch Wrap 24in Roll | Fast Ship,175.59,active
ML-200026,SKU-0087,Titan SAE Hydraulic Hose 1/2in x 15m | Fast Ship,273.82,active
ML-200027,SKU-0018,Vanguard Brass Ball Valve 1in | Fast Ship,176.84,active
ML-200028,SKU-0066,Atlas Stringer Pallet 1100x1100mm | Fast Ship,214.94,active
ML-200029,SKU-0048,Atlas Cat6 Ethernet Cable 305m Reel | Fast Ship,19.9,active
ML-200030,SKU-0051,Sterling Shrink Film 2mil 10ft | Fast Ship,109.85,active
ML-200031,SKU-0031,Sterling Wedge Anchor M10 | Fast Ship,31.15,active
ML-200032,SKU-0006,Vanguard Poly Sheeting 30in 2000ft | Fast Ship,155.07,active
ML-200033,SKU-0014,Titan Rocker Switch 20A | Fast Ship,358.3,active
ML-200034,SKU-0032,Atlas Machine Screw M6 x 40mm | Fast Ship,39.05,active
ML-200035,SKU-0089,Titan Carriage Bolt 1/4in x 1in | Fast Ship,140.49,active
ML-200036,SKU-0012,Vanguard Sleeve Anchor 1/2in x 4in | Fast Ship,35.22,active
ML-200037,SKU-0059,Vanguard Gasket Set FKM Viton | Fast Ship,275.29,active
ML-200038,SKU-0086,Meridian Wood Pallet 1200x800mm | Fast Ship,108.85,active
ML-200039,SKU-0033,Titan Toggle Switch 25A 3-pole | Fast Ship,41.28,active
ML-200040,SKU-0041,Sterling Anti-Fog Goggles Indirect Vent | Fast Ship,80.71,active
ML-200041,SKU-0017,Atlas Full Brim Hard Hat Class E | Fast Ship,189.82,active
ML-200042,SKU-0028,Titan Leather Work Gloves Pair (L) | Fast Ship,106.3,active
ML-200043,SKU-0036,Sterling Wood Screw M4 x 20mm | Fast Ship,62.51,active
ML-200044,SKU-0037,Atlas Rocker Switch 10A | Fast Ship,242.89,active
ML-200045,SKU-0093,Vanguard Concrete Screw 5/8in x 5in | Fast Ship,105.32,active
ML-200046,SKU-0091,Vanguard Poly Sheeting 18in 1500ft | Fast Ship,35.01,active
ML-200047,SKU-0079,Atlas IEC Power Connector 4-pos | Fast Ship,310.05,active
ML-200048,SKU-0077,Vanguard Hex Bolt M12 x 80mm | Fast Ship,170.27,active
ML-200049,SKU-0069,Atlas Cat6 Ethernet Cable 12 AWG 100ft | Fast Ship,327.82,active
ML-200050,SKU-0047,Sterling Stretch Wrap 20in 5000ft | Fast Ship,10.47,active
ML-200051,SKU-0054,Vanguard IEC Power Connector 8-pin | Fast Ship,354.43,active
ML-200052,SKU-0071,Sterling Self-Tapping Screw M5 x 25mm | Fast Ship,24.47,active
ML-200053,SKU-0081,Atlas O-Ring Kit 35x52x7 | Fast Ship,261.45,active
ML-200054,SKU-0062,Titan Anti-Fog Goggles Wraparound | Fast Ship,21.93,active
ML-200055,SKU-0019,Vanguard Corrugated Box 20x20x20in | Fast Ship,59.08,active
ML-200056,SKU-0092,Sterling THHN Wire 305m Reel | Fast Ship,231.13,active
ML-200057,SKU-0058,Sterling Socket Cap Screw M4 x 20mm | Fast Ship,215.21,active
ML-200058,SKU-0096,Vanguard Wedge Anchor M12 | Fast Ship,83.06,active
ML-200059,SKU-0055,Meridian Heavy-Duty Carton 18x18x16in | Fast Ship,181.06,active
ML-200060,SKU-0056,Vanguard Gasket Set 35x52x7 | Fast Ship,210.25,active
ML-200061,SKU-0029,Atlas Drop-In Anchor M8 | Fast Ship,181.15,active
ML-200062,SKU-0053,Vanguard Machine Screw #10 x 1-1/2in | Fast Ship,72.03,active
ML-200063,SKU-0085,Atlas Flange Bolt M6 x 30mm | Fast Ship,124.1,active
ML-200064,SKU-0090,Titan THHN Wire 12 AWG 100ft | Fast Ship,194.98,active
ML-200065,SKU-0050,Sterling Safety Glasses Wraparound | Fast Ship,179.28,active
ML-200066,SKU-0088,Atlas O-Ring Kit 45x65x10 | Fast Ship,118.42,active
ML-200067,SKU-0038,Titan Stretch Wrap 18in 1500ft | Fast Ship,101.69,active
ML-200068,SKU-0049,Vanguard Nitrile Gloves Pair (XL) | Fast Ship,15.84,active
ML-200069,SKU-0034,Vanguard Hex Bolt 1/4in x 1in | Fast Ship,111.14,active
ML-200070,SKU-0044,Meridian Cut-Resistant Gloves Pair (XL) | Fast Ship,161.28,active
ML-200071,SKU-0008,Vanguard Nestable Pallet 42x42in | Fast Ship,105.18,active
ML-200072,SKU-0063,Sterling Safety Goggles Clear | Fast Ship,79.93,active
ML-200073,SKU-0100,Meridian Shaft Seal 45x65x10 | Fast Ship,174.29,active
ML-200074,SKU-0030,Vanguard Plastic Euro Pallet 42x42in | Fast Ship,24.12,active
ML-200075,SKU-0070,Sterling Nitrile Gloves Pair (M) | Fast Ship,142.96,active
ML-200076,SKU-0052,Meridian O-Ring Kit FKM Viton | Fast Ship,77.08,active
ML-200077,SKU-0002,Sterling Nestable Pallet 1200x800mm | Fast Ship,75.62,active
ML-200078,SKU-0061,Meridian Stringer Pallet Block 48x48in | Fast Ship,160.74,active
ML-200079,SKU-0064,Meridian DIN Contactor Roller Lever | Fast Ship,47.65,active
ML-200080,SKU-0003,Sterling Gate Valve 3/4in | Fast Ship,82.13,active
ML-200081,SKU-0067,Atlas Hydraulic Check Valve 24V DC | Fast Ship,176.45,active
ML-200082,SKU-0023,Meridian Cut-Resistant Gloves Pair (L) | Fast Ship,73.38,active
ML-200083,SKU-0082,Atlas Gasket Set PTFE 25pc | Fast Ship,43.64,active
ML-200084,SKU-0027,Sterling Leather Work Gloves Box 100 (XL | Fast Ship,61.17,active
ML-200085,SKU-0015,Vanguard Brass Ball Valve 3000 psi | Fast Ship,272.6,active
ML-200086,SKU-0040,Sterling Hex Cap Screw M6 x 30mm | Fast Ship,49.89,active
ML-200087,SKU-0045,Titan Solenoid Valve 1in | Fast Ship,9.97,active
ML-200088,SKU-0021,Titan RJ45 Connector 12-pos | Fast Ship,175.06,active
ML-200089,SKU-0039,Sterling Sleeve Anchor M12 | Fast Ship,106.22,active
ML-200090,SKU-0095,Sterling Rocker Switch 15A | Fast Ship,49.1,active
ML-200091,SKU-0094,Titan Hydraulic Hose R2 1/2in x 15 (2-PACK),608.79,active
ML-200092,SKU-0068,Titan Wood Pallet 42x42in (2-PACK),290.83,active
ML-200093,SKU-990,Clearance item SKU-990,47.82,inactive
ML-200094,SKU-991,Clearance item SKU-991,29.96,active
ML-200095,SKU-992,Clearance item SKU-992,50.82,inactive
ML-200096,SKU-993,Clearance item SKU-993,6.34,inactive
ML-200097,SK-77,Clearance item SK-77,20.87,active
ML-200098,SK-78,Clearance item SK-78,34.4,inactive
ML-200099,OLD-CARTON-XL,Clearance item OLD-CARTON-XL,34.58,inactive
ML-200100,SKU0042b,Clearance item SKU0042b,58.96,active
ML-200101,SKU-0042-B,Clearance item SKU-0042-B,52.5,inactive
ML-200102,TEST-DO-NOT-USE,Clearance item TEST-DO-NOT-USE,22.6,inactive
